period,strategy,total_return,annualized_return,annualized_volatility,sharpe,max_drawdown,win_rate,trades,excess_total_return,excess_annualized_return,excess_sharpe,excess_max_drawdown,is_baseline
full_sample,vol_target_qqq_2x,35.581009,0.142745,0.213385,0.668956,-0.569645,0.543456,6283.0,22.787826000000003,0.040579000000000004,0.290174,0.2600180000000001,False
full_sample,dd_guard_qqq_2x,28.896607,0.134229,0.346371,0.387531,-0.846855,0.553808,173.0,16.103423999999997,0.03206299999999998,0.008749000000000007,-0.017191999999999985,False
full_sample,buy_and_hold,12.793183,0.102166,0.269722,0.378782,-0.829663,0.543475,1.0,0.0,0.0,0.0,0.0,True
full_sample,buy_hold_qqq,12.793183,0.102166,0.269722,0.378782,-0.829663,0.543475,0.0,0.0,0.0,0.0,0.0,False
full_sample,equal_weight_buy_hold,12.793183,0.102166,0.269722,0.378782,-0.829663,0.543475,0.0,0.0,0.0,0.0,0.0,True
full_sample,reddit_200sma_tqqq,81.22989,0.177578,0.487527,0.364242,-0.902975,0.557359,33.0,68.436707,0.075412,-0.014539999999999997,-0.07331199999999993,False
full_sample,tqqq_sma_vix_filter,27.001705,0.13148,0.48443,0.271411,-0.951787,0.554984,204.0,14.208522,0.029314000000000007,-0.107371,-0.12212400000000001,False
