period,strategy,total_return,annualized_return,annualized_volatility,sharpe,max_drawdown,win_rate,trades
full_sample,regime_defensive_rotation,11.060042,0.124116,0.134126,0.925368,-0.259944,0.551101,714.0
full_sample,regime_defensive_rotation_2x,97.848833,0.240912,0.268252,0.898081,-0.472999,0.551101,714.0
full_sample,regime_defensive_rotation_3x,547.92575,0.345011,0.402378,0.857431,-0.639,0.551101,714.0
full_sample,reddit_200sma_tqqq,269.603634,0.301044,0.438846,0.685991,-0.659944,0.566199,23.0
full_sample,reddit_200sma_spy,88.089484,0.234866,0.342584,0.685571,-0.584354,0.559721,17.0
full_sample,buy_hold_qqq,17.083735,0.145719,0.215496,0.676205,-0.534009,0.552033,0.0
full_sample,buy_hold_qqq_2x,119.910727,0.252715,0.430992,0.586356,-0.818262,0.552033,0.0
full_sample,buy_hold_spy,7.345142,0.104834,0.189532,0.553117,-0.551947,0.550727,0.0
full_sample,buy_hold_qqq_3x,293.226658,0.306171,0.646487,0.473591,-0.942444,0.552033,0.0
full_sample,buy_hold_spy_2x,31.23263,0.177261,0.379065,0.467627,-0.836737,0.550727,0.0
full_sample,buy_and_hold,11.062919,0.08838783333333333,0.20972933333333332,0.42983466666666664,-0.5927250000000001,0.527924,1.0
full_sample,buy_hold_spy_3x,55.722595,0.208945,0.568597,0.367475,-0.951929,0.550727,0.0
