period,strategy,total_return,annualized_return,annualized_volatility,sharpe,max_drawdown,win_rate,trades
full_sample,top2_relative_strength_rotation,16.389011,0.143612,0.154631,0.928742,-0.265858,0.549788,1706.0
full_sample,regime_defensive_rotation,11.060042,0.124116,0.134126,0.925368,-0.259944,0.551101,714.0
full_sample,regime_defensive_rotation_2x,97.848833,0.240912,0.268252,0.898081,-0.472999,0.551101,714.0
full_sample,regime_defensive_rotation_3x,547.92575,0.345011,0.402378,0.857431,-0.639,0.551101,714.0
full_sample,regime_defensive_rotation_with_bands,7.917597,0.108283,0.131988,0.820405,-0.32193,0.547525,243.0
full_sample,regime_defensive_rotation_with_bands_2x,53.70319,0.206888,0.263976,0.783738,-0.558076,0.547525,243.0
full_sample,regime_defensive_rotation_with_bands_3x,229.049877,0.291156,0.395963,0.735311,-0.723265,0.547525,243.0
full_sample,reddit_200sma_tqqq,269.603634,0.301044,0.438846,0.685991,-0.659944,0.566199,23.0
full_sample,reddit_200sma_spy,88.089484,0.234866,0.342584,0.685571,-0.584354,0.559721,17.0
full_sample,dual_momentum_rotation,9.493318,0.116789,0.209041,0.558691,-0.513848,0.537065,998.0
full_sample,buy_and_hold,11.062919,0.08838783333333333,0.20972933333333332,0.42983466666666664,-0.5927250000000001,0.527924,1.0
