strategy,total_return,annualized_return,annualized_volatility,sharpe,max_drawdown,win_rate,trades,excess_total_return,excess_annualized_return,excess_sharpe,excess_max_drawdown,is_baseline
changepoint_gated_momentum,14.274544,0.085862,0.117069,0.733428,-0.275512,0.545947,228.0,-12.012171999999998,-0.019205,0.16847899999999993,0.276435,False
golden_cross_spy,18.427729,0.093782,0.136422,0.687439,-0.337182,0.549048,31.0,-7.858986999999999,-0.01128499999999999,0.12248999999999999,0.21476499999999998,False
buy_and_hold,26.286716,0.105067,0.185975,0.564949,-0.551947,0.540233,1.0,0.0,0.0,0.0,0.0,True
buy_hold_spy,26.286716,0.105067,0.185975,0.564949,-0.551947,0.540233,1.0,0.0,0.0,0.0,0.0,True
equal_weight_buy_hold,26.286716,0.105067,0.185975,0.564949,-0.551947,0.540233,1.0,0.0,0.0,0.0,0.0,True
