{
  "generated_at_utc": "2026-06-29T16:21:43.856327+00:00",
  "note": "GIPS-style geometric monthly returns; git history is the audit trail",
  "monthly_returns": {
    "dev": {
      "2026-02": 0.0,
      "2026-03": -0.12815,
      "2026-04": 0.0,
      "2026-05": 0.0,
      "2026-06": 0.0
    },
    "prod_1": {
      "2026-03": 0.002051,
      "2026-04": 0.006987,
      "2026-05": -0.021532,
      "2026-06": -0.022647
    },
    "prod_2": {
      "2026-03": 0.0,
      "2026-04": 0.391125,
      "2026-05": 0.611915,
      "2026-06": -0.212888
    },
    "prod_3": {
      "2026-03": -0.056167,
      "2026-04": 0.064294,
      "2026-05": 0.049978,
      "2026-06": -0.015673
    },
    "prod_4": {
      "2026-03": -0.011214,
      "2026-04": 0.062044,
      "2026-05": -0.002475,
      "2026-06": -0.015988
    },
    "prod_5": {
      "2026-03": -0.039402,
      "2026-04": 0.038489,
      "2026-05": 0.0,
      "2026-06": 0.0
    }
  }
}