strategy,total_return,annualized_return,annualized_volatility,sharpe,max_drawdown,win_rate,trades,excess_total_return,excess_annualized_return,excess_sharpe,excess_max_drawdown,is_baseline
buy_hold_qqq_3x,57.56343280000001,-0.18353859999999997,1.1237166,0.23448200000000002,-0.7437196,0.4871548,0.0,56.22300120000001,0.08888419999999997,0.4623784000000001,-0.3871916,False
buy_and_hold,2.1383587,-0.0608551,0.34073023333333335,0.05428663333333331,-0.34881436666666665,0.4910962666666666,1.0,0.0,0.0,0.0,0.0,True
reddit_200sma_tqqq,52.7226674,-0.0831118,0.6225058,-0.17107220000000006,-0.47584499999999996,0.45110340000000004,5.4,51.382235800000004,0.189311,0.05682420000000003,-0.11931699999999998,False
regime_defensive_rotation_2x,18.9404102,-0.1900636,0.35951079999999996,-0.20128139999999997,-0.351035,0.5006934,169.2,17.5999786,0.0823592,0.026615000000000076,0.0054930000000000005,False
reddit_200sma_spy,17.143348800000002,-0.1386,0.4671138,-0.20378820000000003,-0.3883536,0.42039039999999994,4.2,15.8029172,0.1338228,0.02410820000000007,-0.03182560000000002,False
buy_hold_spy,1.3404316,-0.2724228,0.3379332,-0.22789640000000003,-0.356528,0.463551,0.0,0.0,0.0,0.0,0.0,True
equal_weight_buy_hold,1.6005956000000001,-0.21179040000000002,0.22890319999999997,-0.24342999999999998,-0.2333444,0.48038159999999996,0.0,0.260164,0.06063239999999999,-0.015533599999999925,0.12318359999999999,True
hfea_55_45,13.904374200000001,-0.32906519999999995,0.5508192000000001,-0.29937379999999997,-0.54382,0.4825338,0.0,12.5639426,-0.056642399999999996,-0.07147739999999989,-0.18729200000000001,False
hfea_lite_2x,4.018637399999999,-0.2978058,0.3672128,-0.43369800000000003,-0.39926819999999996,0.4825338,0.0,2.6782057999999997,-0.025383,-0.20580159999999995,-0.04274020000000002,False
spy_tlt_60_40,0.8355392,-0.23533619999999997,0.195355,-0.6297341999999999,-0.2320468,0.491568,0.0,-0.5048924,0.03708660000000001,-0.40183779999999986,0.12448119999999999,True
